If contains,Category
STEVE,Food
Amazon,Amazon
Tim Hortons,Food
Blenz ,Food
Shell,Gas
DELANY,Food
Firehouse,Food
Honour Roll,Food
AMZN,Amazon
Google One,Subcriptions
BLUE CHIP,Food
ESSO ,Gas
Public Mobile,Subcriptions
MCDONALD,Food
RAIN OR SHINE,Food
Too Good To Go,Food
A & W,Food
SAVE ON FOODS,Grocery
IMPARK,Parking
Winners,Clothing
UBC PARKING,Parking
PAYBYPHONE,Parking
7 eleven,Food
WHOLE FOODS,Grocery
WAL-MART,Grocery
SHOPPERS DRUG MART,Grocery
A&W,Food
PETRO-CANADA,Gas
Pay by phon,Parking
LEE'S DONUTS,Food
Small Victory,Food
POPEYES,Food
Denny,Food
Cineplex,Fun
TICKETLEADER ,Fun
PNE,Fun
Starbucks,Food
Domino,Food
Freshslice,Food
Sketchers,Clothing
Honk Parking,Parking
El cartel,Food
Burger king,Food
Chipotle,Food
BEAN AROUND WORLD,Food
CAFFE PERUGIA,Food
Downlow chicket,Food
UBC presto,Food
Wendy,Food
Hangtag,Parking
Little caesar,Food
Mr. Falafel,Food
Fior di latte,Food
Cafe ami,Food
loblaws,Grocery
canadian tire,Grocery
rio theatre,Fun
steamgames,Fun
HM CA,Clothing
Las Margaritas,Food
Indian Oven,Food